pass,N,L_us,W,iters_per_ns,ticks,overruns,overrun_pct,drain_p50,drain_p90,drain_p99,tick_p50,tick_p90,tick_p99,flush_p50,flush_p90,flush_p99,wakes_p50,wakes_p90,wakes_p99,closes,achieved,lat_p50,lat_p90,lat_p99,lag_p99,server_cpu,verdict
1,300,0,64,0.57,662,0,0.00,0.474,2.421,7.070,0.001,0.002,0.031,4.522,13.339,19.803,299,301,301,0,90015,0.026,0.598,7.832,2.635,30,VOID
1,300,10,64,0.56,664,0,0.00,0.418,1.327,3.533,2.945,3.708,10.597,4.081,8.938,15.610,275,276,276,0,90097,0.025,1.392,10.511,2.703,32,VOID
1,300,30,64,0.57,660,2,0.30,0.433,1.215,3.249,9.030,15.444,25.250,3.486,7.460,12.364,218,220,220,0,90015,0.039,8.138,21.898,1.350,51,OK
1,300,100,64,0.57,619,29,4.68,0.250,0.309,3.632,29.740,30.331,58.159,0.886,1.006,16.728,28,30,249,0,90015,13.857,28.050,54.731,3.703,94,OK
1,1000,0,64,0.57,663,0,0.00,1.268,3.116,7.646,0.004,0.008,0.011,14.383,21.423,24.386,983,996,1000,0,300079,0.023,0.339,11.330,3.718,60,VOID
1,1000,10,64,0.57,661,2,0.30,1.151,2.279,5.955,10.099,17.860,26.975,10.200,13.138,16.030,649,672,677,0,300079,0.058,12.244,38.132,4.823,77,OK
1,1000,30,64,0.43,634,25,3.94,0.936,1.101,6.814,22.932,23.699,42.573,4.903,5.327,21.114,241,257,362,0,300079,8.571,21.579,51.176,4.350,91,OK
1,1000,100,64,0.57,182,149,81.87,2.655,4.291,11.064,100.476,106.309,183.749,14.146,15.853,21.800,851,871,879,0,300070,42.315,96.602,167.544,4.839,93,OK
1,3000,0,64,0.57,666,0,0.00,2.621,8.871,14.290,0.014,0.025,0.053,29.904,30.272,30.363,606,693,710,0,900535,0.069,11.498,40.158,8.131,102,VOID
1,3000,10,64,0.57,635,29,4.57,1.299,1.635,15.337,29.965,30.586,55.280,1.825,2.362,22.719,2,3,146,0,900110,83.653,156.482,196.846,1.067,102,OK
1,3000,30,64,0.57,211,166,78.67,6.559,8.008,19.381,90.718,92.052,152.722,24.484,25.311,25.496,357,430,451,0,897356,42.903,87.671,390.258,0.363,102,OK
1,3000,100,64,0.57,117,61,52.14,10.680,13.577,32.634,299.899,305.218,509.202,12.107,19.834,21.241,3,103,152,0,879467,164.545,302.804,999.999+,,102,VOID
1,10000,0,64,0.57,677,0,0.00,9.155,14.390,24.668,0.045,0.065,0.155,21.400,21.986,24.130,35,38,39,0,3000349,22.980,91.123,206.990,13.308,102,OK
1,10000,10,64,0.57,217,165,76.04,14.480,15.910,22.297,100.827,103.135,106.415,17.831,19.220,20.366,14,18,23,0,2996773,183.930,350.961,471.533,0.037,102,OK
1,10000,30,64,0.57,163,98,60.12,3.430,41.144,56.047,49.518,300.422,303.237,2.854,12.155,19.522,1,119,302,8350,994271,999.999+,999.999+,999.999+,,100,VOID
1,10000,100,64,0.57,43,27,62.79,6.431,70.423,81.979,646.040,1000.000+,1000.000+,5.180,17.256,35.153,1,7,28,1972,302761,999.997+,999.997+,999.997+,,102,VOID
1,300,0,512,0.57,662,0,0.00,0.460,0.617,0.911,0.007,0.009,0.021,4.391,4.981,6.609,301,301,301,0,90015,0.023,0.037,0.094,0.010,18,OK
1,300,0,4096,0.57,662,0,0.00,0.526,0.650,0.935,0.045,0.067,0.179,4.430,4.961,6.131,300,300,300,0,90015,0.023,0.036,0.098,0.003,18,OK
1,300,30,512,0.57,662,0,0.00,0.381,0.461,0.690,9.065,9.379,11.900,3.322,3.631,4.869,218,219,220,0,90015,0.025,6.022,8.975,0.007,41,OK
1,300,30,4096,0.57,662,0,0.00,0.454,0.580,0.851,9.117,9.300,9.734,3.304,3.661,4.903,217,219,220,0,90015,0.026,6.063,9.020,0.007,42,OK
1,1000,0,512,0.57,662,0,0.00,1.240,1.384,1.683,0.024,0.028,0.048,14.279,14.972,17.521,985,997,1000,0,300079,0.021,0.031,0.085,0.006,53,OK
1,1000,0,4096,0.57,662,0,0.00,1.505,1.672,2.112,0.171,0.196,0.320,14.231,14.902,17.559,976,990,995,0,300079,0.022,0.033,0.137,0.012,54,OK
1,1000,30,512,0.58,664,2,0.30,0.772,0.880,1.134,30.410,31.068,31.860,1.792,2.076,2.353,4,20,30,0,300147,22.024,49.580,64.627,0.006,102,OK
1,1000,30,4096,0.57,656,10,1.52,0.924,1.136,3.286,30.259,30.890,33.384,1.759,2.185,16.466,3,19,755,0,300079,24.561,54.630,72.990,0.012,102,OK
1,3000,0,512,0.57,662,0,0.00,2.488,2.691,2.965,0.074,0.084,0.122,30.069,30.226,30.298,667,705,723,0,900562,0.055,0.089,0.197,0.013,102,OK
1,3000,0,4096,0.59,662,0,0.00,3.140,3.413,3.817,0.566,0.714,1.246,28.910,29.108,29.206,621,657,672,0,900552,0.060,0.097,0.553,0.014,101,OK
1,3000,30,512,0.58,204,169,82.84,6.688,7.488,8.383,91.374,93.148,94.551,24.598,25.226,25.547,358,420,444,0,900143,40.804,84.410,91.712,0.008,103,OK
1,3000,30,4096,0.56,204,172,84.31,7.484,8.303,8.947,88.994,90.648,92.382,23.945,24.479,24.746,344,393,417,0,900485,39.937,82.548,89.422,0.009,103,OK
1,10000,0,512,0.57,666,0,0.00,9.508,10.051,10.735,0.267,0.316,0.557,20.770,21.328,21.666,36,38,39,0,3000443,18.776,33.634,39.637,0.027,102,OK
1,10000,0,4096,0.59,667,0,0.00,10.508,11.283,12.009,2.017,2.396,3.007,18.222,18.765,19.135,32,34,35,0,3000058,21.649,37.959,45.127,0.024,102,OK
1,10000,30,512,0.58,178,110,61.80,2.606,41.876,55.945,41.882,301.718,307.806,2.791,12.599,22.462,1,95,153,8650,948666,999.999+,999.999+,999.999+,,101,VOID
1,10000,30,4096,0.56,165,100,60.61,3.974,41.264,56.993,47.516,297.425,301.466,2.752,11.981,17.061,1,14,420,8420,963881,999.999+,999.999+,999.999+,,102,VOID
2,300,0,64,0.57,662,0,0.00,0.442,0.540,0.750,0.001,0.002,0.003,4.448,4.905,5.899,300,301,301,0,90015,0.022,0.035,0.098,0.003,18,OK
2,300,10,64,0.58,662,0,0.00,0.410,0.493,0.709,3.024,3.137,4.632,4.040,4.314,5.112,273,274,274,0,90015,0.023,0.107,2.851,0.007,25,OK
2,300,30,64,0.57,662,0,0.00,0.374,0.455,0.683,8.957,9.148,10.726,3.352,3.587,4.272,219,220,220,0,90015,0.025,5.897,8.852,0.004,41,OK
2,300,100,64,0.57,662,1,0.15,0.238,0.270,0.359,30.094,30.648,31.403,0.836,0.919,1.078,25,27,29,0,90017,14.116,27.268,30.190,0.004,96,OK
2,1000,0,64,0.57,662,0,0.00,1.251,1.391,1.593,0.004,0.005,0.008,14.313,14.886,16.005,980,994,999,0,300107,0.021,0.031,0.109,0.009,53,OK
2,1000,10,64,0.57,663,0,0.00,1.077,1.189,1.481,10.034,10.500,11.832,10.093,10.632,13.006,655,671,676,0,300162,0.025,7.310,10.142,0.010,70,OK
2,1000,30,64,0.57,660,4,0.61,0.799,0.909,1.231,30.259,30.994,31.765,1.850,2.151,2.590,4,12,23,0,300069,22.146,46.801,62.733,0.013,102,OK
2,1000,100,64,0.57,189,158,83.60,2.643,2.976,3.896,100.562,101.781,103.476,14.152,14.857,18.584,851,871,878,0,299943,34.569,89.298,100.110,0.009,92,OK
2,3000,0,64,0.57,662,0,0.00,2.323,2.561,2.784,0.013,0.016,0.022,30.302,30.432,30.495,677,712,731,0,900528,0.055,0.084,0.198,0.014,102,OK
2,3000,10,64,0.57,668,5,0.75,1.128,1.554,2.065,30.080,30.694,31.799,1.687,2.244,2.982,2,3,6,0,899976,98.496,176.021,224.244,0.008,102,OK
2,3000,30,64,0.57,205,169,82.44,6.258,7.227,8.365,90.558,91.965,94.763,25.107,25.609,25.748,382,432,444,0,899680,40.212,83.762,90.752,0.008,102,OK
2,3000,100,64,0.57,106,63,59.43,11.117,13.037,13.865,300.483,305.856,311.021,18.536,19.992,21.080,18,125,201,0,898034,154.862,290.449,309.578,0.011,102,OK
2,10000,0,64,0.57,666,0,0.00,8.773,9.222,10.190,0.042,0.050,0.078,21.799,22.305,22.648,37,39,39,0,3000361,18.344,32.579,38.571,0.021,102,OK
2,10000,10,64,0.57,219,167,76.26,14.550,15.651,22.359,99.718,101.662,103.325,17.917,18.944,20.538,15,16,19,0,2999037,184.905,350.008,484.468,0.032,102,OK
2,10000,30,64,0.58,168,101,60.12,2.830,41.400,53.063,45.425,304.352,306.352,2.545,13.300,21.089,1,10,234,8510,987553,999.999+,999.999+,999.999+,,101,VOID
2,10000,100,64,0.57,43,27,62.79,10.985,50.604,60.603,711.899,1000.000+,1000.000+,4.026,14.318,35.253,1,7,20,3180,238922,999.994+,999.994+,999.994+,,102,VOID
2,300,0,512,0.57,662,0,0.00,0.477,0.601,0.953,0.008,0.009,0.025,4.468,4.980,6.535,300,300,301,0,90015,0.023,0.037,0.087,0.004,18,OK
2,300,0,4096,0.57,662,0,0.00,0.528,0.629,0.900,0.046,0.067,0.120,4.454,4.903,5.735,300,301,301,0,90015,0.023,0.036,0.108,0.004,18,OK
2,300,30,512,0.58,662,0,0.00,0.390,0.500,0.710,9.176,9.901,13.053,3.344,3.759,4.780,215,219,220,0,90015,0.026,6.261,9.196,0.002,42,OK
2,300,30,4096,0.57,662,1,0.15,0.437,0.987,3.355,9.117,10.153,19.948,3.315,4.190,10.953,217,220,220,0,90015,0.027,7.102,17.508,1.759,45,OK
2,1000,0,512,0.57,663,0,0.00,1.240,1.646,5.140,0.024,0.032,0.091,14.241,15.907,23.104,983,997,1000,0,300079,0.022,0.045,6.116,1.217,55,OK
2,1000,0,4096,0.57,663,0,0.00,1.481,1.888,8.365,0.166,0.252,1.036,13.982,15.352,22.545,978,992,996,0,300079,0.022,0.048,8.926,1.653,57,OK
2,1000,30,512,0.56,633,23,3.63,0.812,0.981,5.971,29.642,32.056,52.601,2.067,2.261,22.533,17,42,607,0,300079,20.580,84.553,133.736,0.763,99,OK
2,1000,30,4096,0.57,613,38,6.20,0.942,1.150,7.153,30.256,31.375,53.434,1.817,2.198,22.472,4,5,648,0,300189,25.699,52.073,80.328,2.337,102,OK
2,3000,0,512,0.57,665,0,0.00,2.552,2.978,10.965,0.073,0.088,0.223,30.001,30.232,30.334,647,707,733,0,900555,0.058,0.128,19.887,2.539,102,OK
2,3000,0,4096,0.57,662,0,0.00,3.198,3.475,4.087,0.586,0.706,0.959,28.838,29.072,29.177,601,651,670,0,900517,0.060,0.104,0.585,0.012,102,OK
2,3000,30,512,0.57,205,169,82.44,6.922,8.055,9.372,91.019,92.551,95.749,24.277,24.923,25.126,333,400,417,0,899430,41.203,84.610,91.530,0.012,102,OK
2,3000,30,4096,0.57,204,168,82.35,8.079,9.195,10.430,91.532,93.098,95.173,22.947,23.776,23.989,292,360,373,0,900107,42.352,85.428,92.109,0.010,102,OK
2,10000,0,512,0.55,667,0,0.00,9.500,10.160,11.197,0.266,0.306,0.489,20.923,21.437,21.790,34,38,39,0,3000706,19.776,34.956,43.135,0.023,103,OK
2,10000,0,4096,0.56,667,0,0.00,10.728,11.273,12.267,2.061,2.424,2.848,18.117,18.690,19.088,29,31,33,0,3000112,22.962,40.965,48.710,0.031,102,OK
2,10000,30,512,0.57,174,108,62.07,2.540,43.123,65.127,35.436,301.333,318.255,3.228,12.980,22.524,1,139,187,8820,896341,999.999+,999.999+,999.999+,,99,VOID
2,10000,30,4096,0.57,202,72,35.64,0.486,42.877,56.227,31.422,298.609,307.992,0.760,12.204,18.502,1,2,12,8980,910320,999.999+,999.999+,999.999+,,103,VOID
